{
    "plugins": [
        "mobi.monaca.plugins.Monaca",
        "io.monaca.plugins.inappupdater@4.0.0"
    ],
    "framework_version": "3.5",
    "xcode_version": "8",
    "cordova_version": "6.5",
    "plugin_settings": [],
    "external_plugins": [
        "cordova-plugin-whitelist@1.3.1",
        "cordova-plugin-splashscreen@4.0.3",
        "cordova-custom-config@2.0.3"
    ],
    "title-ja": "",
    "title-en": "",
    "description-ja": "",
    "description-en": "",
    "category": "User Template",
    "platform": [],
    "name": "generated-1503846228-59a2db8bff2af2851c8e19c7"
}